{
  "project_info": {
    "project_number": "30706714866",
    "firebase_url": "https://flash-chat-c1901.firebaseio.com",
    "project_id": "flash-chat-c1901",
    "storage_bucket": "flash-chat-c1901.appspot.com"
  },
  "client": [
    {
      "client_info": {
        "mobilesdk_app_id": "1:30706714866:android:0945112d5a79fdaf49e86b",
        "android_client_info": {
          "package_name": "co.bolaji.flash_chat"
        }
      },
      "oauth_client": [
        {
          "client_id": "30706714866-5lktvglnampi7adhtns06hsb9cp34uug.apps.googleusercontent.com",
          "client_type": 3
        }
      ],
      "api_key": [
        {
          "current_key": "AIzaSyDO2nTvnDClDSWAMOU0bgruZfpojLLpLy0"
        }
      ],
      "services": {
        "appinvite_service": {
          "other_platform_oauth_client": [
            {
              "client_id": "30706714866-5lktvglnampi7adhtns06hsb9cp34uug.apps.googleusercontent.com",
              "client_type": 3
            }
          ]
        }
      }
    }
  ],
  "configuration_version": "1"
}